,Model,Accuracy,Precision,Percentage_mislabbled,Percent_Mislabbled_zeroes,Percent_Mislabbled_Ones,Recall_Score,F1_Score
0,KNeighborsClassifier(),0.8521666666666666,0.8091169758324068,14.783333333333335,21.746666666666666,7.82,0.9218,0.8617906447692355
1,LogisticRegression(),0.6671666666666667,0.7010664742201909,33.28333333333333,24.85333333333333,41.71333333333334,0.5828666666666666,0.6365257908339703
2,"XGBClassifier(base_score=0.5, booster='gbtree', callbacks=None,
              colsample_bylevel=1, colsample_bynode=1, colsample_bytree=1,
              early_stopping_rounds=None, enable_categorical=False,
              eval_metric=None, gamma=0, gpu_id=-1, grow_policy='depthwise',
              importance_type=None, interaction_constraints='',
              learning_rate=0.300000012, max_bin=256, max_cat_to_onehot=4,
              max_delta_step=0, max_depth=6, max_leaves=0, min_child_weight=1,
              missing=nan, monotone_constraints='()', n_estimators=100,
              n_jobs=0, num_parallel_tree=1, predictor='auto', random_state=0,
              reg_alpha=0, reg_lambda=1, ...)",0.6516333333333333,0.7738052245094499,34.836666666666666,12.526666666666667,57.14666666666667,0.4285333333333333,0.5515939417342429
3,RandomForestClassifier(),0.9489,0.9890333357542305,5.11,1.0066666666666666,9.213333333333333,0.9078666666666667,0.9467134763113073
4,GaussianNB(),0.6590333333333334,0.6289668594907283,34.096666666666664,45.75333333333334,22.439999999999998,0.7756,0.6946293697943099
