,Model,Accuracy,Precision,Percentage_mislabbled,Percent_Mislabbled_zeroes,Percent_Mislabbled_Ones,Recall_Score,F1_Score
0,KNeighborsClassifier(),0.8223522974682823,0.7531493567366325,17.764770253171772,31.571435096373435,4.005553153235167,0.9599444684676484,0.8440653375691022
1,LogisticRegression(),0.782507095876982,0.772123215693143,21.7492904123018,23.770211016716907,19.735314868340197,0.802646851316598,0.7870892149751716
2,"XGBClassifier(base_score=0.5, booster='gbtree', callbacks=None,
              colsample_bylevel=1, colsample_bynode=1, colsample_bytree=1,
              early_stopping_rounds=None, enable_categorical=False,
              eval_metric=None, gamma=0, gpu_id=-1, grow_policy='depthwise',
              importance_type=None, interaction_constraints='',
              learning_rate=0.300000012, max_bin=256, max_cat_to_onehot=4,
              max_delta_step=0, max_depth=6, max_leaves=0, min_child_weight=1,
              missing=nan, monotone_constraints='()', n_estimators=100,
              n_jobs=0, num_parallel_tree=1, predictor='auto', random_state=0,
              reg_alpha=0, reg_lambda=1, ...)",0.8659534692853967,0.8664214709465845,13.404653071460327,13.395222435370421,13.41405129839095,0.8658594870160905,0.8661403878223553
3,RandomForestClassifier(),0.9064883103263534,0.9041151658392609,9.351168967364664,9.681876313145153,9.021598124672842,0.9097840187532715,0.906940734060474
4,GaussianNB(),0.7347794863610975,0.6696512105047189,26.52205136389025,45.96350598337444,7.147408907804001,0.92852591092196,0.7781221391516632
