,Model,Accuracy,Precision,Percentage_mislabbled,Percent_Mislabbled_zeroes,Percent_Mislabbled_Ones,Recall_Score,F1_Score
0,KNeighborsClassifier(),0.8508666666666667,0.8069520587892219,14.913333333333334,22.066666666666666,7.76,0.9224,0.8608224973558141
1,LogisticRegression(),0.6702333333333333,0.7087045361667348,32.97666666666667,23.76,42.193333333333335,0.5780666666666666,0.6367541766109784
2,"XGBClassifier(base_score=0.5, booster='gbtree', callbacks=None,
              colsample_bylevel=1, colsample_bynode=1, colsample_bytree=1,
              early_stopping_rounds=None, enable_categorical=False,
              eval_metric=None, gamma=0, gpu_id=-1, grow_policy='depthwise',
              importance_type=None, interaction_constraints='',
              learning_rate=0.300000012, max_bin=256, max_cat_to_onehot=4,
              max_delta_step=0, max_depth=6, max_leaves=0, min_child_weight=1,
              missing=nan, monotone_constraints='()', n_estimators=100,
              n_jobs=0, num_parallel_tree=1, predictor='auto', random_state=0,
              reg_alpha=0, reg_lambda=1, ...)",0.6503666666666666,0.7724362845754318,34.96333333333334,12.559999999999999,57.36666666666667,0.42633333333333334,0.5494222260406375
3,RandomForestClassifier(),0.9483333333333334,0.9885934321418193,5.166666666666667,1.0466666666666669,9.286666666666667,0.9071333333333333,0.9461131970518705
4,GaussianNB(),0.6572666666666667,0.6274583963691377,34.27333333333333,45.96666666666667,22.58,0.7742,0.6931479049779157
