,Model,Accuracy,Precision,Percentage_mislabbled,Percent_Mislabbled_zeroes,Percent_Mislabbled_Ones,Recall_Score,F1_Score
0,KNeighborsClassifier(),0.5951333333333333,0.9431677018633541,40.486666666666665,1.22,79.75333333333333,0.20246666666666666,0.33336992316136116
1,LogisticRegression(),0.5611333333333334,0.9281045751633987,43.88666666666667,1.0266666666666666,86.74666666666667,0.13253333333333334,0.23194493057986232
2,"XGBClassifier(base_score=0.5, booster='gbtree', callbacks=None,
              colsample_bylevel=1, colsample_bynode=1, colsample_bytree=1,
              early_stopping_rounds=None, enable_categorical=False,
              eval_metric=None, gamma=0, gpu_id=-1, grow_policy='depthwise',
              importance_type=None, interaction_constraints='',
              learning_rate=0.300000012, max_bin=256, max_cat_to_onehot=4,
              max_delta_step=0, max_depth=6, max_leaves=0, min_child_weight=1,
              missing=nan, monotone_constraints='()', n_estimators=100,
              n_jobs=0, num_parallel_tree=1, predictor='auto', random_state=0,
              reg_alpha=0, reg_lambda=1, ...)",0.5755,0.9467455621301775,42.449999999999996,0.8999999999999999,84.0,0.16,0.27373823781009415
3,RandomForestClassifier(),0.9354666666666667,0.986881335718545,6.453333333333333,1.1733333333333333,11.733333333333333,0.8826666666666667,0.9318693693693695
4,GaussianNB(),0.7394333333333334,0.7347232207045291,26.05666666666667,27.060000000000002,25.053333333333335,0.7494666666666666,0.7420217154549354
